game_num,A1,A2,A3,A4,A5,A6,A7,B1,B2,B3,B4,B5,B6,C1,C2,C3,C4,C6,C7,C8,D1,D2,D3,D4,A25,A26,A27,A28,A29,A30,A31,A32
1,0.39,1.127,0.739,-0.34,-0.734,-0.65,-0.118,0.475,0.899,0.298,-0.937,1.656,0.211,1.623,1.197,0.515,-0.374,1.166,-0.516,0.005,-1.357,2.928,-1.088,0.859,-0.642,0.919,1.915,2.786,2.679,4.261,3.2,-0.552
2,1.39,1.127,1.739,-0.34,-0.734,-0.65,0.882,1.475,3.899,-0.702,-1.937,0.656,1.211,2.623,2.197,1.515,-0.374,0.166,0.484,0.005,-0.357,4.928,-1.088,0.859,0.358,0.919,1.915,1.786,1.679,3.261,5.2,-0.552
3,-0.61,0.127,-2.261,-0.34,-0.734,-0.65,-1.118,-0.525,-1.101,-0.702,-1.937,-0.344,2.211,-0.377,0.197,-0.485,-1.374,4.166,-0.516,0.005,-1.357,-0.072,-1.088,-0.141,-0.642,-0.081,0.915,1.786,2.679,4.261,1.2,-0.552
4,0.39,1.127,-2.261,1.66,1.266,0.35,2.882,-0.525,-2.101,2.298,-1.937,2.656,1.211,-1.377,-0.803,-0.485,4.626,-0.834,0.484,0.005,0.643,-2.072,-0.088,-0.141,-0.642,-0.081,-0.085,2.786,3.679,6.261,0.2,2.448
5,-0.61,1.127,-0.261,0.66,-0.734,0.35,0.882,0.475,-0.101,0.298,-1.937,0.656,3.211,0.623,0.197,0.515,1.626,2.166,0.484,1.005,1.643,2.928,0.912,0.859,1.358,0.919,1.915,2.786,2.679,3.261,2.2,-0.552
6,0.39,2.127,0.739,-1.34,-0.734,-1.65,-0.118,2.475,-1.101,2.298,-0.937,-0.344,3.211,0.623,1.197,2.515,2.626,3.166,-0.516,0.005,-1.357,-1.072,-0.088,1.859,-0.642,0.919,0.915,2.786,1.679,3.261,1.2,-0.552
7,-0.61,0.127,-0.261,-0.34,-0.734,-0.65,-0.118,0.475,0.899,0.298,-1.937,1.656,0.211,-0.377,-0.803,-0.485,-0.374,0.166,-0.516,0.005,-0.357,0.928,-1.088,-1.141,1.358,0.919,0.915,1.786,2.679,4.261,2.2,-0.552
8,-1.61,2.127,-1.261,-0.34,-2.734,-2.65,0.882,2.475,2.899,1.298,-0.937,1.656,3.211,1.623,1.197,2.515,1.626,3.166,-0.516,1.005,-1.357,-1.072,-1.088,1.859,1.358,0.919,0.915,3.786,0.679,2.261,3.2,-0.552
9,0.39,-0.873,0.739,-0.34,1.266,0.35,-1.118,-1.525,-2.101,-1.702,-1.937,-1.344,-0.789,-1.377,-0.803,-0.485,-1.374,-1.834,0.484,-0.995,-1.357,-2.072,0.912,-2.141,-0.642,1.919,0.915,1.786,3.679,2.261,0.2,2.448
10,0.39,-0.873,-1.261,-0.34,0.266,0.35,-1.118,-1.525,-2.101,0.298,-2.937,-1.344,-0.789,-0.377,4.197,-1.485,-1.374,-0.834,-0.516,0.005,-1.357,-0.072,-1.088,-1.141,0.358,-0.081,0.915,1.786,2.679,3.261,1.2,-0.552
11,-2.61,2.127,-1.261,-0.34,-2.734,-3.65,-0.118,4.475,0.899,2.298,3.063,1.656,2.211,1.623,0.197,2.515,2.626,2.166,-1.516,2.005,-2.357,0.928,-1.088,2.859,0.358,-0.081,1.915,3.786,-0.321,1.261,2.2,3.448
12,-0.61,1.127,-2.261,0.66,-0.734,-0.65,0.882,0.475,-1.101,1.298,-1.937,-1.344,1.211,-0.377,2.197,0.515,1.626,3.166,-0.516,0.005,-0.357,-1.072,-0.088,0.859,-0.642,-0.081,0.915,2.786,2.679,4.261,1.2,-0.552
13,0.39,1.127,0.739,-0.34,-0.734,-0.65,-1.118,0.475,-0.101,-0.702,-1.937,-0.344,0.211,0.623,0.197,0.515,-0.374,0.166,0.484,1.005,-0.357,3.928,-0.088,0.859,0.358,0.919,1.915,1.786,2.679,2.261,2.2,-0.552
14,-0.61,2.127,-1.261,-0.34,-1.734,-1.65,-0.118,1.475,0.899,2.298,-1.937,-0.344,1.211,2.623,0.197,4.515,1.626,0.166,-0.516,1.005,-1.357,-1.072,-1.088,0.859,0.358,0.919,0.915,2.786,-0.321,2.261,5.2,-0.552
15,-0.61,2.127,-0.261,0.66,-1.734,-2.65,0.882,0.475,2.899,0.298,1.063,0.656,1.211,2.623,0.197,1.515,0.626,0.166,-1.516,1.005,-2.357,-1.072,-4.088,1.859,1.358,0.919,0.915,3.786,1.679,3.261,5.2,3.448
16,-1.61,1.127,-2.261,-0.34,-1.734,-1.65,-1.118,1.475,0.899,1.298,-0.937,0.656,0.211,0.623,0.197,1.515,1.626,0.166,-1.516,0.005,-1.357,-1.072,-4.088,1.859,0.358,0.919,0.915,2.786,0.679,2.261,3.2,2.448
17,0.39,0.127,-3.261,0.66,-0.734,1.35,1.882,-0.525,-2.101,0.298,-1.937,0.656,3.211,-1.377,0.197,0.515,3.626,2.166,0.484,1.005,1.643,-2.072,0.912,-0.141,1.358,-0.081,1.915,1.786,3.679,4.261,0.2,-0.552
18,0.39,0.127,1.739,-0.34,0.266,0.35,-1.118,-1.525,1.899,-0.702,0.063,-0.344,-0.789,0.623,0.197,-0.485,-1.374,-0.834,-0.516,0.005,0.643,-1.072,-0.088,-2.141,3.358,3.919,0.915,3.786,2.679,2.261,4.2,6.448
19,-0.61,0.127,-1.261,2.66,2.266,0.35,1.882,-1.525,-0.101,-1.702,-1.937,-0.344,-0.789,-0.377,-0.803,-1.485,-1.374,-0.834,-0.516,-0.995,-0.357,-2.072,0.912,-2.141,1.358,0.919,0.915,2.786,3.679,3.261,1.2,-0.552
20,-1.61,1.127,0.739,0.66,-1.734,-1.65,1.882,0.475,4.899,-0.702,2.063,1.656,-0.789,1.623,-0.803,0.515,-0.374,-0.834,-0.516,0.005,-0.357,0.928,-1.088,-0.141,4.358,3.919,1.915,2.786,1.679,4.261,6.2,6.448
21,-0.61,0.127,-2.261,0.66,1.266,-0.65,1.882,-0.525,-1.101,1.298,-1.937,0.656,0.211,-1.377,-0.803,1.515,3.626,-0.834,-0.516,-0.995,-0.357,-2.072,-0.088,-1.141,0.358,-0.081,-0.085,2.786,3.679,4.261,1.2,-0.552
22,-0.61,0.127,1.739,-1.34,-0.734,1.35,-4.118,1.475,3.899,-0.702,1.063,1.656,-0.789,0.623,-0.803,-0.485,-0.374,-0.834,-0.516,3.005,3.643,-1.072,-1.088,3.859,8.358,1.919,1.915,2.786,3.679,2.261,5.2,-0.552
23,-0.61,0.127,-1.261,1.66,1.266,0.35,0.882,0.475,-1.101,-0.702,-2.937,-2.344,2.211,-0.377,-0.803,0.515,-0.374,5.166,-0.516,-0.995,-0.357,-2.072,-0.088,-1.141,-0.642,-0.081,0.915,1.786,3.679,5.261,0.2,-0.552
24,0.39,1.127,1.739,-0.34,-0.734,0.35,1.882,0.475,1.899,-0.702,-1.937,-0.344,0.211,0.623,-0.803,-0.485,0.626,0.166,0.484,0.005,1.643,4.928,0.912,0.859,0.358,0.919,1.915,1.786,2.679,5.261,2.2,-0.552
25,2.39,0.127,1.739,-0.34,2.266,3.35,0.882,-2.525,-2.101,-2.702,1.063,2.656,-1.789,0.623,-1.803,-3.485,-2.374,-1.834,1.484,-1.995,0.643,-3.072,0.912,-4.141,-0.642,6.919,-0.085,5.786,5.679,4.261,1.2,2.448
26,0.39,-0.873,-1.261,0.66,0.266,0.35,-1.118,0.475,0.899,-0.702,-1.937,-0.344,-0.789,0.623,0.197,-0.485,-1.374,-0.834,-0.516,0.005,0.643,-2.072,-0.088,-2.141,0.358,0.919,0.915,2.786,2.679,2.261,1.2,-0.552
27,0.39,1.127,2.739,-0.34,-0.734,0.35,-1.118,1.475,2.899,-0.702,-1.937,-1.344,0.211,0.623,-0.803,0.515,-0.374,-0.834,0.484,0.005,0.643,4.928,-0.088,-0.141,0.358,0.919,1.915,1.786,2.679,3.261,3.2,-0.552
28,1.39,-0.873,1.739,0.66,1.266,1.35,-0.118,-1.525,-2.101,0.298,-1.937,1.656,0.211,-0.377,-1.803,-2.485,-1.374,1.166,0.484,-1.995,-0.357,-3.072,0.912,-3.141,0.358,0.919,0.915,2.786,4.679,3.261,1.2,2.448
29,0.39,-0.873,0.739,-0.34,-0.734,3.35,-0.118,-0.525,1.899,-0.702,0.063,-2.344,-0.789,-0.377,0.197,-0.485,-1.374,-1.834,-0.516,3.005,3.643,-2.072,0.912,-2.141,7.358,1.919,0.915,1.786,4.679,2.261,3.2,-0.552
30,1.372,0.977,1.442,0.556,1.535,1.019,0.28,-0.842,-1.657,-1.394,-2.661,-2.176,0.678,-0.421,-0.963,-1.657,-0.184,4.139,1.568,-1.974,0.845,-1.236,1.401,-1.17,-0.605,-0.064,3.894,0.899,4.696,4.353,0.308,-0.574
31,2.149,1.164,3.377,1.533,3.375,1.727,-0.633,-1.472,-1.559,-2.107,-3.6,-3.139,-1.22,-0.431,-1.998,-2.475,-1.923,-2.647,1.367,-2.969,1.67,6.948,1.289,-2.957,-0.596,-0.061,8.889,0.924,6.7,4.373,2.332,-0.579
32,-0.61,1.127,-2.261,3.66,1.266,0.35,-0.118,0.475,-2.101,0.298,-2.937,-0.344,1.211,-0.377,-1.803,-1.485,3.626,0.166,0.484,-1.995,-0.357,-2.072,0.912,-1.141,-0.642,-0.081,0.915,2.786,3.679,5.261,0.2,-0.552
33,-1.61,1.127,0.739,-1.34,-1.734,-0.65,-1.118,2.475,-1.101,-0.702,5.063,-2.344,-0.789,-0.377,-1.803,0.515,-1.374,-1.834,-0.516,-0.995,-0.357,-0.072,-1.088,0.859,-0.642,0.919,0.915,3.786,1.679,2.261,1.2,4.448
34,1.39,0.127,-2.261,3.66,1.266,1.35,-0.118,-1.525,4.899,-1.702,-2.937,-2.344,-0.789,1.623,1.197,-0.485,-0.374,-1.834,0.484,-0.995,1.643,-2.072,0.912,-2.141,-0.642,-0.081,1.915,2.786,2.679,3.261,3.2,-0.552
35,-0.61,0.127,1.739,-1.34,-0.734,-0.65,-0.118,-0.525,-0.101,-1.702,3.063,0.656,-0.789,-0.377,-1.803,-1.485,-1.374,-0.834,-0.516,-0.995,-0.357,2.928,-1.088,-1.141,0.358,6.919,0.915,4.786,2.679,4.261,3.2,6.448
36,0.39,0.127,-2.261,-0.34,-0.734,0.35,-1.118,2.475,-0.101,-0.702,-1.937,-1.344,0.211,0.623,-0.803,0.515,-0.374,4.166,-0.516,0.005,-1.357,-2.072,-1.088,0.859,1.358,-0.081,0.915,1.786,1.679,3.261,2.2,-0.552
37,-1.61,2.127,0.739,-1.34,-1.734,-1.65,-0.118,4.475,1.899,3.298,-0.937,-0.344,0.211,0.623,-0.803,3.515,1.626,1.166,-1.516,0.005,-0.357,1.928,-1.088,3.859,0.358,0.919,0.915,3.786,0.679,2.261,3.2,-0.552
38,1.39,0.127,1.739,-0.34,1.266,2.35,-1.118,-2.525,-2.101,-1.702,0.063,-1.344,-1.789,0.623,-1.803,-2.485,-2.374,-2.834,0.484,-1.995,0.643,-3.072,0.912,-3.141,2.358,4.919,-0.085,3.786,4.679,2.261,1.2,2.448
39,1.39,-0.873,0.739,-0.34,0.266,2.35,-1.118,-1.525,-2.101,-1.702,-1.937,-2.344,-0.789,0.623,-0.803,-1.485,-1.374,-1.834,0.484,-0.995,1.643,2.928,0.912,-0.141,0.358,-0.081,0.915,0.786,3.679,3.261,1.2,-0.552
40,0.39,0.127,-0.261,-0.34,2.266,0.35,0.882,-0.525,-1.101,0.298,-1.937,-0.344,1.211,-0.377,-0.803,-0.485,0.626,2.166,-0.516,-0.995,-0.357,-2.072,0.912,-1.141,-0.642,0.919,0.915,2.786,3.679,4.261,0.2,-0.552
41,0.39,0.127,1.739,-1.34,0.266,0.35,-1.118,-0.525,-0.101,-0.702,-1.937,-1.344,-0.789,2.623,0.197,-0.485,-1.374,-0.834,0.484,-0.995,-0.357,-1.072,0.912,-1.141,0.358,3.919,0.915,1.786,3.679,3.261,1.2,-0.552
42,-2.61,2.127,-0.261,-1.34,-2.734,-2.65,-0.118,2.475,-0.101,1.298,-0.937,-0.344,2.211,0.623,0.197,2.515,2.626,3.166,-1.516,1.005,-1.357,0.928,-1.088,1.859,-0.642,-0.081,0.915,2.786,0.679,2.261,1.2,-0.552
43,-1.61,1.127,-2.261,2.66,-0.734,-0.65,0.882,1.475,-2.101,0.298,-1.937,-1.344,0.211,-1.377,-0.803,0.515,1.626,-0.834,-1.516,0.005,-1.357,-1.072,-1.088,-0.141,-0.642,-0.081,0.915,2.786,2.679,5.261,0.2,-0.552
44,-0.61,0.127,0.739,-0.34,-0.734,0.35,-1.118,2.475,-0.101,1.298,-1.937,-1.344,-0.789,-0.377,-0.803,1.515,0.626,-0.834,-0.516,-0.995,-0.357,2.928,-0.088,2.859,0.358,0.919,0.915,1.786,1.679,2.261,2.2,-0.552
45,-2.61,1.127,1.739,-0.34,-1.734,-0.65,0.882,0.475,2.899,-0.702,-0.937,0.656,-0.789,0.623,0.197,-0.485,-0.374,-1.834,-1.516,4.005,1.643,-0.072,-1.088,0.859,7.358,2.919,1.915,3.786,2.679,3.261,5.2,-0.552
46,0.39,-0.873,2.739,-1.34,0.266,0.35,0.882,-3.525,-0.101,-3.702,1.063,0.656,-2.789,0.623,-1.803,-3.485,-2.374,-2.834,-0.516,-1.995,-1.357,-3.072,-0.088,-4.141,0.358,7.919,-0.085,4.786,4.679,4.261,3.2,6.448
47,0.39,0.127,0.739,-0.34,-0.734,0.35,-1.118,1.475,0.899,-0.702,-1.937,-1.344,-0.789,-0.377,-0.803,0.515,-0.374,-0.834,0.484,-0.995,0.643,4.928,-0.088,0.859,0.358,0.919,0.915,1.786,2.679,2.261,2.2,-0.552
48,-0.61,1.127,-2.261,1.66,2.266,-1.65,0.882,0.475,-1.101,0.298,-0.937,-0.344,1.211,-1.377,-0.803,-0.485,1.626,1.166,-1.516,-0.995,-1.357,-2.072,-0.088,-1.141,-0.642,0.919,0.915,2.786,2.679,5.261,0.2,2.448
49,1.39,0.127,-1.261,-1.34,0.266,1.35,-1.118,-1.525,-2.101,-1.702,-2.937,-2.344,-0.789,0.623,3.197,-0.485,-1.374,-1.834,0.484,-1.995,-1.357,-1.072,-2.088,-1.141,-0.642,-0.081,2.915,0.786,3.679,2.261,0.2,-0.552
50,2.484,-0.116,-2.526,-1.433,-0.385,0.164,-1.764,-1.026,-1.705,-0.537,-2.691,-2.195,-0.374,2.584,0.054,-0.747,-1.314,-0.967,0.668,-1.976,-2.068,-2.327,-1.543,-2.277,-0.609,-0.066,0.896,0.887,3.694,2.343,-0.704,-0.572
51,-0.61,0.127,-1.261,-0.34,-0.734,0.35,-1.118,3.475,1.899,5.298,-2.937,-3.344,1.211,0.623,-1.803,3.515,3.626,-1.834,0.484,-0.995,-0.357,-1.072,-0.088,1.859,1.358,-0.081,0.915,1.786,1.679,2.261,2.2,-0.552
52,-0.61,1.127,-1.261,-0.34,-0.734,0.35,-1.118,1.475,4.899,-0.702,-1.937,-2.344,1.211,1.623,-1.803,-0.485,-0.374,4.166,0.484,-0.995,-1.357,-2.072,-0.088,0.859,3.358,0.919,1.915,2.786,0.679,3.261,6.2,-0.552
53,0.39,0.127,-1.261,-0.34,-0.734,0.35,-1.118,3.475,-1.101,1.298,4.063,-2.344,0.211,-0.377,-1.803,0.515,-0.374,0.166,-0.516,-0.995,-0.357,0.928,-1.088,0.859,-0.642,0.919,0.915,2.786,1.679,2.261,1.2,3.448
54,1.669,-0.106,0.82,0.688,0.466,1.715,-1.227,-2.986,-2.223,-3.06,-0.013,-3.39,-1.917,1.635,-0.76,-2.712,-2.701,-1.101,0.735,-2.0,-0.138,-3.301,1.052,-4.407,-0.653,0.914,0.92,2.755,3.674,3.236,2.17,2.454
55,0.39,0.127,-0.261,-0.34,-0.734,0.35,-1.118,-1.525,-1.101,-1.702,1.063,-2.344,0.211,1.623,-0.803,-2.485,-2.374,-1.834,0.484,-1.995,-0.357,-3.072,-0.088,-3.141,-0.642,0.919,0.915,2.786,3.679,3.261,1.2,4.448
56,0.39,0.127,-3.261,2.66,2.266,0.35,-1.118,-2.525,-2.101,1.298,-2.937,-2.344,-1.789,-1.377,0.197,-2.485,-2.374,-1.834,0.484,1.005,-1.357,-3.072,0.912,-3.141,-0.642,-0.081,0.915,1.786,3.679,3.261,0.2,-0.552
57,0.482,0.379,1.348,-1.127,-0.233,1.085,-0.937,1.015,0.986,1.611,-2.505,-1.688,-0.748,0.713,-0.475,1.812,-1.821,-0.834,0.366,-1.038,1.284,-0.791,-0.038,0.865,-0.72,0.885,0.957,3.554,0.644,2.072,2.978,-0.506
58,0.275,0.059,1.413,-1.454,-0.535,-0.109,-1.682,-1.68,-1.614,-1.269,5.366,-1.16,-2.278,0.575,-1.978,-2.577,-2.07,-1.767,-0.52,-1.972,-2.232,-3.156,-0.648,-3.077,0.399,7.937,-0.108,4.91,2.698,1.361,1.319,8.424
59,0.39,-0.873,0.739,-0.34,2.266,1.35,-1.118,-1.525,-1.101,-1.702,-2.937,-2.344,-1.789,-0.377,-0.803,-2.485,-2.374,-1.834,0.484,-1.995,-0.357,-3.072,2.912,-3.141,0.358,1.919,-0.085,0.786,4.679,2.261,0.2,-0.552
60,-0.052,-0.339,-1.099,-0.283,-0.334,1.079,-0.336,2.552,-0.345,0.582,-2.089,-2.436,-0.045,-0.353,-0.716,1.061,0.973,-0.368,-0.014,0.994,1.081,-1.531,0.192,1.328,2.337,0.91,1.926,1.724,1.67,2.211,1.141,-0.54
61,0.39,-0.873,-2.261,-0.34,0.266,0.35,-1.118,0.475,-1.101,0.298,-2.937,-3.344,1.211,0.623,6.197,-0.485,-0.374,-0.834,0.484,-1.995,-1.357,-2.072,-0.088,-0.141,0.358,-0.081,0.915,1.786,3.679,2.261,-0.8,-0.552
62,-1.61,1.127,0.739,-1.34,-1.734,-0.65,0.882,0.475,0.899,-0.702,-0.937,2.656,0.211,-0.377,-1.803,-0.485,-0.374,0.166,-0.516,-0.995,-0.357,2.928,-1.088,-0.141,0.358,0.919,0.915,1.786,2.679,4.261,2.2,-0.552
63,1.39,0.127,0.739,-1.34,-0.734,0.35,-1.118,-0.525,-1.101,-0.702,-1.937,-1.344,-0.789,-0.377,-0.803,-0.485,-1.374,-0.834,0.484,-0.995,0.643,4.928,-0.088,-0.141,-0.642,-0.081,1.915,1.786,2.679,2.261,1.2,-0.552
64,-0.61,1.127,-1.261,-0.34,-0.734,0.35,-0.118,2.475,4.899,-0.702,-1.937,-2.344,1.211,1.623,-1.803,-0.485,-0.374,5.166,0.484,-0.995,-1.357,-2.072,-0.088,0.859,2.358,0.919,1.915,2.786,0.679,3.261,6.2,-0.552
65,-1.61,2.127,-0.261,-1.34,-1.734,-1.65,-0.118,4.475,0.899,5.298,-1.937,-1.344,0.211,0.623,-0.803,3.515,0.626,0.166,-1.516,-0.995,-1.357,-0.072,-1.088,2.859,0.358,0.919,0.915,3.786,0.679,2.261,3.2,-0.552
66,-1.61,0.127,1.739,-0.34,-1.734,-0.65,0.882,1.475,4.899,-1.702,-0.937,0.656,-1.789,0.623,-1.803,-1.485,-1.374,-1.834,-1.516,-0.995,1.643,-1.072,-1.088,-1.141,6.358,2.919,1.915,3.786,3.679,4.261,7.2,-0.552
67,-0.61,0.127,-1.261,-0.34,-0.734,0.35,-1.118,2.475,0.899,3.298,-2.937,-2.344,-0.789,0.623,-0.803,4.515,1.626,-0.834,-0.516,-0.995,-0.357,-1.072,-1.088,1.859,1.358,-0.081,0.915,2.786,1.679,2.261,3.2,-0.552
68,0.39,-1.873,-0.261,1.66,-0.734,1.35,-2.118,-2.525,-1.101,-2.702,-2.937,-3.344,-1.789,-1.377,-1.803,1.515,-2.374,-1.834,-0.516,-1.995,-0.357,1.928,0.912,-2.141,0.358,1.919,2.915,2.786,0.679,0.261,0.2,-0.552
69,0.39,0.127,-1.261,2.66,0.266,0.35,-1.118,-1.525,-1.101,1.298,-2.937,-1.344,0.211,-0.377,-1.803,-2.485,-2.374,-1.834,0.484,0.005,-1.357,-3.072,0.912,-3.141,-0.642,-0.081,0.915,1.786,3.679,4.261,0.2,-0.552
70,-0.325,-1.44,1.239,-0.515,0.034,0.107,-0.447,0.312,-0.352,-0.498,0.529,-1.061,-1.003,1.549,-1.072,-0.089,0.632,-1.194,0.94,1.041,-0.702,-0.663,0.051,-0.505,-0.579,-1.053,-1.12,-2.024,-2.292,-2.585,-1.618,-0.589
71,0.205,-1.883,1.393,-1.461,0.415,-0.2,-0.655,-0.565,-0.584,-1.179,2.385,-2.149,-2.246,1.572,-0.989,-0.52,-0.988,-1.701,1.417,2.03,-0.287,-2.098,0.317,-0.011,-0.598,-1.062,-1.109,-2.082,-2.301,-2.632,-1.674,-0.578
72,-0.492,-1.3,0.19,1.468,0.914,-0.112,-1.382,-0.412,-2.279,0.717,0.574,-2.034,0.074,-1.459,-0.099,0.047,0.827,1.966,-0.21,-0.956,-0.833,-1.525,-0.034,0.654,-0.573,-1.05,-1.124,-2.005,-2.29,-2.569,-1.6,-0.593
73,-1.213,0.467,1.271,-1.504,-0.886,-0.747,-0.491,-0.873,-2.401,-0.642,-0.502,0.92,-1.054,-1.446,-1.055,-2.18,-0.499,-0.301,0.041,0.038,-0.615,-0.755,0.107,-1.612,-0.583,-1.055,-1.118,-2.036,-2.294,-2.595,-1.63,-0.587
74,-0.603,-2.207,0.157,-1.544,-0.166,-0.258,-0.338,-0.227,-2.23,-0.14,-1.396,-0.015,-1.875,-2.463,-0.116,-1.862,-0.042,-0.927,0.689,-0.954,0.079,-1.434,0.91,-2.24,-0.568,-1.048,-1.126,-1.993,-2.288,-2.559,-1.588,-0.596
75,-0.92,-0.778,1.357,-0.474,-0.675,-0.364,0.395,-1.357,-0.529,-1.018,3.419,-1.128,-2.188,0.566,-2.009,-2.418,-0.841,-1.581,-0.696,1.032,-1.385,-1.995,0.254,-0.891,-0.594,-1.06,-1.112,-2.068,-2.299,-2.621,-1.661,-0.581
76,0.066,-2.766,1.352,-2.475,2.315,0.617,-0.6,-1.334,-0.523,-1.0,-2.577,0.874,-2.182,0.566,-1.011,-2.407,-0.825,-1.567,0.292,-1.967,1.604,6.016,-1.753,-1.878,-0.593,-1.059,-1.112,-2.067,-2.299,-2.62,-1.659,-0.581
77,1.275,0.059,-0.587,-0.454,-0.535,-0.109,0.318,-1.68,-0.614,-1.269,-1.634,-0.16,-1.278,-0.425,6.022,-0.577,-1.07,1.233,0.48,-0.972,0.768,3.844,0.352,0.923,-0.601,-1.063,-1.108,-2.09,-2.302,-2.639,-1.681,-0.576
78,-0.753,0.082,2.405,-0.457,-1.555,-1.146,0.329,0.366,-0.602,0.767,0.373,0.845,-0.265,-0.427,-0.983,3.446,-1.037,-0.741,-0.545,0.029,0.746,-2.133,0.338,-0.05,-0.6,-1.062,-1.109,-2.087,-2.302,-2.636,-1.679,-0.577
79,-1.018,-0.696,1.328,-1.484,-0.745,-0.492,0.433,-1.196,0.514,-0.892,1.445,-0.112,-2.143,-1.438,-2.024,-2.339,-0.727,-1.487,0.216,1.034,-1.462,-1.915,0.205,-1.798,-0.59,-1.058,-1.114,-2.058,-2.298,-2.612,-1.65,-0.583
80,2.125,0.348,1.661,-3.367,-0.925,0.003,1.985,-3.087,-0.985,-2.361,-2.865,0.7,-2.668,-0.389,-1.845,-3.269,-2.064,-2.581,0.245,3.011,1.435,6.145,-0.221,0.112,-0.633,-1.077,-1.091,-2.184,-2.317,-2.715,-1.772,-0.558
81,2.763,-0.349,1.556,-0.404,-0.185,1.529,1.127,-2.487,-1.827,-1.896,-2.767,0.76,-2.501,-0.404,-1.902,-1.974,-1.64,-2.234,1.919,2.018,1.151,4.443,-0.403,0.458,-0.619,-1.071,-1.098,-2.144,-2.311,-2.683,-1.733,-0.566
82,0.777,0.639,1.56,0.597,-0.175,-0.453,0.122,-2.51,-1.833,-1.913,3.229,-0.243,-0.508,2.596,-0.9,-0.986,-1.657,0.753,-1.068,0.018,0.162,-2.568,0.604,1.444,-0.62,-1.071,-1.098,-2.146,-2.311,-2.684,-1.735,-0.565
83,0.86,0.57,0.584,0.606,-0.115,-0.343,0.089,-2.649,-0.87,-2.021,3.207,-0.257,-0.546,1.6,-0.886,-1.054,-1.755,-0.327,0.007,0.016,0.228,-2.637,0.646,1.365,-0.623,-1.072,-1.096,-2.155,-2.312,-2.691,-1.744,-0.564
84,1.073,-0.444,-0.062,0.73,1.756,1.243,0.614,1.345,-2.399,0.421,-1.123,-0.456,-0.102,-1.348,-0.696,-0.041,0.826,3.512,1.099,0.991,1.179,1.366,1.255,1.208,-0.668,-1.092,-1.071,-2.289,-2.332,-2.801,-1.873,-0.537
85,-0.164,-0.246,-2.131,0.705,-0.414,0.933,0.707,2.737,-2.296,0.725,-1.058,-1.417,0.006,-1.358,-0.733,0.152,3.104,0.739,-0.115,-0.004,1.993,-1.439,0.136,1.434,-0.659,-1.088,-1.076,-2.263,-2.329,-2.779,-1.848,-0.542
86,-1.345,-0.094,-3.184,0.687,-0.544,-0.304,-0.222,3.037,-1.217,0.958,1.991,0.613,0.089,-1.366,-0.762,1.299,1.316,0.913,-1.278,-0.0,-0.149,-0.29,1.045,0.607,-0.652,-1.085,-1.08,-2.243,-2.325,-2.763,-1.828,-0.546
87,-0.582,0.104,-3.253,0.663,0.286,-0.614,-0.129,2.429,-2.113,5.262,1.055,1.652,-0.802,-1.376,-0.799,2.492,1.593,0.139,-1.491,1.005,-0.335,-0.095,-0.074,0.833,-0.643,-1.082,-1.085,-2.217,-2.322,-2.742,-1.803,-0.551
88,-0.965,-0.248,-1.782,1.828,-0.553,-1.498,1.238,1.753,-2.82,-0.815,-0.384,0.385,1.456,-0.306,-0.545,0.176,2.701,2.592,-0.035,-1.028,-1.066,0.576,0.738,0.291,-0.703,-1.108,-1.052,-2.396,-2.349,-2.887,-1.975,-0.516
89,-0.616,-0.539,-2.68,0.863,-0.303,-0.042,0.102,1.177,-1.972,-0.263,2.521,-0.672,0.297,-1.291,-0.491,-0.108,1.293,-0.741,-0.722,0.964,-0.793,0.289,0.913,-0.042,-0.716,-1.114,-1.045,-2.435,-2.354,-2.919,-2.012,-0.508
90,-0.522,0.218,-0.944,0.771,1.046,-0.228,-0.544,0.676,-2.576,-1.099,-1.233,-0.523,0.712,-1.33,-0.633,-1.37,-0.646,3.126,0.463,-0.017,-0.504,-0.966,1.458,0.822,-0.683,-1.099,-1.063,-2.334,-2.339,-2.837,-1.916,-0.528
91,-1.435,0.309,-0.627,0.882,-1.173,-1.805,0.031,0.877,-1.051,0.504,4.472,0.298,1.213,-0.283,-0.462,0.744,0.081,1.086,-1.559,-0.039,-1.65,0.14,1.004,-0.215,-0.723,-1.117,-1.041,-2.455,-2.357,-2.935,-2.031,-0.504
92,-1.226,0.135,0.433,0.903,-1.022,-1.532,-0.051,0.531,-2.142,-0.765,3.415,0.263,2.118,-0.274,-0.429,-0.426,-0.163,0.886,-2.37,-0.044,-2.486,-1.032,1.109,-0.414,-0.731,-1.12,-1.037,-2.478,-2.361,-2.954,-2.054,-0.5
93,-1.142,0.065,0.458,0.912,-0.962,-1.422,-0.084,0.393,-1.179,-0.872,4.392,1.25,0.079,-0.271,-0.416,-0.494,-0.261,1.806,-2.295,-0.045,-2.421,-1.1,0.152,-0.494,-0.734,-1.122,-1.035,-2.487,-2.362,-2.961,-2.063,-0.498
94,-0.728,-1.446,-2.713,0.852,-0.383,-0.188,0.145,0.361,-2.923,2.88,-1.449,0.346,0.348,-1.296,-0.508,0.983,1.424,-0.634,-0.822,-0.033,-0.88,0.381,0.857,-0.935,-0.712,-1.112,-1.047,-2.422,-2.352,-2.909,-2.0,-0.511
95,1.052,0.245,-4.652,0.523,0.305,-0.401,0.405,0.689,-1.517,0.018,0.426,-0.123,1.825,-1.435,0.987,-0.396,0.191,-0.554,0.279,0.033,-0.407,3.028,1.24,1.136,-0.593,-1.059,-1.113,-2.065,-2.299,-2.618,-1.658,-0.581
96,-0.363,1.756,-1.481,2.583,-0.275,-0.635,1.176,-0.28,-0.772,-0.734,1.267,-0.22,0.556,-0.41,2.079,0.128,-0.494,1.886,0.806,3.021,1.053,1.546,1.534,0.577,-0.614,-1.069,-1.101,-2.13,-2.309,-2.671,-1.72,-0.568
97,-0.311,-0.452,2.243,-0.514,-0.956,-0.875,1.547,-0.711,-0.358,-0.516,2.525,1.936,0.991,-1.451,0.93,-1.1,-0.385,0.793,-1.047,-0.96,0.309,-0.674,1.058,-0.519,-0.579,-1.053,-1.12,-2.025,-2.293,-2.586,-1.619,-0.589
98,-1.474,-1.151,2.487,-0.428,-1.355,-0.781,0.22,-2.095,0.276,-1.591,4.298,1.799,-0.393,-0.415,1.061,0.219,-1.363,-0.007,-1.294,0.023,-0.035,-0.362,0.478,0.684,-0.61,-1.067,-1.103,-2.118,-2.307,-2.661,-1.708,-0.571
99,-2.791,-1.722,1.686,-1.359,-0.864,0.113,0.953,-1.225,3.978,-1.469,2.112,2.686,-0.706,0.615,0.168,-0.338,-2.162,-1.661,-0.679,-0.991,1.501,2.077,-0.179,2.032,-0.636,-1.078,-1.089,-2.194,-2.318,-2.723,-1.781,-0.556
100,-0.104,-1.131,2.177,0.813,0.347,1.319,0.293,-3.016,3.241,-2.636,3.654,2.408,-2.48,0.688,0.433,0.289,-2.136,-2.274,0.839,-0.026,0.824,1.69,-0.332,-2.576,-0.698,-1.106,-1.055,-2.381,-2.346,-2.875,-1.96,-0.519
101,-0.418,0.803,1.503,0.577,1.685,0.292,0.198,1.813,2.252,5.337,0.282,-1.211,3.582,0.588,0.07,0.173,2.572,-1.061,0.756,1.022,0.009,-2.408,0.506,1.63,-0.612,-1.068,-1.102,-2.124,-2.308,-2.666,-1.714,-0.57
102,-0.126,2.558,1.588,-0.393,0.895,-2.325,1.084,1.328,2.124,0.961,3.203,0.741,2.447,1.6,1.116,0.935,1.229,4.659,0.02,2.016,0.239,-0.648,-0.347,2.351,-0.623,-1.073,-1.096,-2.157,-2.312,-2.693,-1.745,-0.563
103,-0.568,0.092,-2.249,1.664,0.296,0.405,2.865,1.406,-2.119,0.245,0.051,-0.351,3.192,-1.375,2.203,-0.519,4.577,3.126,0.522,1.005,2.676,-1.107,0.933,-0.181,-0.644,-1.082,-1.085,-2.218,-2.322,-2.743,-1.805,-0.551
104,-0.339,-0.429,-4.765,0.483,1.024,-0.912,-0.442,-0.665,-1.346,-0.48,-0.468,-1.059,0.004,-1.452,3.925,-0.078,-0.352,-0.181,-1.072,1.041,-0.713,1.349,2.044,1.508,-0.578,-1.053,-1.121,-2.022,-2.292,-2.583,-1.616,-0.59
105,0.024,0.269,-2.66,2.52,-1.715,0.563,-0.584,-0.265,5.496,-0.946,-0.566,0.881,-0.163,0.564,-1.018,-1.373,-0.776,-1.527,-0.746,-0.967,0.571,0.051,0.226,0.162,-0.592,-1.059,-1.113,-2.062,-2.298,-2.616,-1.655,-0.582
106,-0.074,1.35,2.312,-0.49,0.215,0.435,-0.545,-1.103,-0.462,-0.821,3.46,0.897,-0.118,1.56,0.967,1.707,-0.662,-0.434,0.166,0.035,0.495,-1.869,1.177,-0.745,-0.588,-1.057,-1.115,-2.051,-2.297,-2.607,-1.644,-0.584
107,0.508,0.7,0.19,-0.532,0.914,-0.112,-0.382,-0.412,-0.279,-0.283,-0.426,0.966,1.074,1.541,-0.099,2.047,-0.173,-0.034,0.79,-0.956,0.167,-1.525,-0.034,-0.346,-0.573,-1.05,-1.124,-2.005,-2.29,-2.569,-1.6,-0.593
108,0.383,-0.196,2.153,-0.545,-1.176,-1.276,0.667,-0.204,4.776,-0.122,3.608,0.987,-0.868,1.536,-0.118,2.149,-0.026,-0.914,-0.323,0.047,-0.932,-1.422,-0.097,-0.226,-0.568,-1.048,-1.126,-1.991,-2.288,-2.558,-1.587,-0.596
109,0.606,-1.382,3.218,-1.522,-1.016,1.015,0.58,-0.573,0.678,-0.409,2.548,2.95,-1.971,0.546,-0.083,-0.032,-0.287,-1.127,1.878,1.042,0.243,-1.606,0.016,-1.439,-0.576,-1.052,-1.122,-2.016,-2.291,-2.578,-1.61,-0.591
110,0.223,0.267,2.69,0.643,0.146,0.131,-0.053,1.752,4.972,-0.487,1.108,1.684,-1.712,1.616,0.17,1.651,-0.179,-1.674,0.333,0.009,2.512,2.065,0.828,1.019,-0.636,-1.078,-1.089,-2.195,-2.318,-2.724,-1.782,-0.556
111,-0.801,0.451,2.974,-0.258,2.846,-1.592,0.565,-3.863,4.546,-1.741,1.843,3.523,-2.16,2.658,-0.676,-0.143,-2.32,-2.608,0.212,2.989,-0.722,0.263,0.318,0.088,-0.672,-1.094,-1.069,-2.303,-2.335,-2.812,-1.886,-0.534
112,-2.275,-0.153,1.836,-0.306,-0.494,-1.212,0.751,-3.079,1.753,-2.132,1.972,2.601,-1.943,0.637,-0.751,0.243,-2.766,-3.154,-0.215,1.998,-0.094,4.653,0.08,-0.46,-0.655,-1.087,-1.079,-2.251,-2.327,-2.769,-1.836,-0.545
113,-0.339,-0.429,0.235,2.483,0.024,0.088,0.558,-0.665,-0.346,-0.48,2.532,1.941,2.004,-0.452,-0.075,0.922,-0.352,-0.181,-0.072,-0.959,1.287,-0.651,0.044,0.508,-0.578,-1.053,-1.121,-2.022,-2.292,-2.583,-1.616,-0.59
114,0.414,-0.058,0.454,-0.44,0.565,-0.927,0.264,1.089,0.325,1.552,0.328,-0.183,2.658,-0.419,1.044,1.309,0.767,4.099,-0.395,1.025,1.878,1.73,1.422,1.79,-0.606,-1.065,-1.105,-2.105,-2.305,-2.651,-1.696,-0.573
115,-1.456,-0.001,2.783,-0.325,-0.624,-0.45,-0.178,-2.779,0.832,-1.899,5.021,1.631,-2.859,1.629,-0.779,0.39,-2.554,-2.981,0.622,2.002,-0.236,3.802,-0.011,1.713,-0.648,-1.084,-1.082,-2.231,-2.324,-2.753,-1.816,-0.549
116,-0.112,-0.454,1.592,0.609,0.905,0.693,0.078,-0.695,1.118,-1.057,1.199,0.739,1.441,0.601,1.118,0.924,-0.787,0.646,1.032,0.016,2.249,4.34,0.66,1.338,-0.624,-1.073,-1.096,-2.158,-2.313,-2.694,-1.747,-0.563
117,-0.711,-0.953,-1.583,0.547,-0.525,-1.091,0.313,-0.703,-1.62,0.713,0.362,-0.162,0.716,-2.425,1.024,0.412,2.914,2.219,0.493,0.028,0.779,4.833,0.359,-0.09,-0.602,-1.063,-1.108,-2.092,-2.303,-2.64,-1.683,-0.576
118,0.233,0.094,2.401,-1.458,0.435,-0.164,0.335,-1.611,0.404,-1.215,3.377,0.847,-2.258,0.573,-0.985,0.457,-1.021,-1.727,-1.558,-0.971,0.735,-2.121,-0.669,-0.037,-0.599,-1.062,-1.109,-2.085,-2.302,-2.635,-1.677,-0.577
119,0.261,0.071,-3.591,2.545,1.455,-0.127,1.324,1.343,1.392,3.749,0.37,1.842,1.729,-1.426,2.019,0.434,0.947,3.246,-0.533,1.029,0.757,-0.144,2.345,0.936,-0.6,-1.062,-1.108,-2.088,-2.302,-2.637,-1.68,-0.577
120,1.44,-1.586,1.336,0.869,0.737,1.031,-0.92,-2.916,3.004,-2.335,2.506,0.319,-1.729,-0.289,-0.482,-1.154,-1.772,-3.794,1.329,-0.037,2.251,-1.757,0.941,-0.095,-0.718,-1.115,-1.044,-2.441,-2.355,-2.924,-2.018,-0.507
121,-0.1,-0.97,4.47,-0.084,-0.932,-0.367,0.9,-1.677,0.803,-0.926,1.381,0.243,-0.94,1.731,0.59,-1.528,-2.31,1.766,-0.257,-1.046,-0.388,0.865,1.173,0.466,-0.735,-1.122,-1.034,-2.492,-2.363,-2.965,-2.067,-0.497
122,-0.672,-0.492,0.303,-0.142,0.657,-0.115,-0.876,1.269,2.053,0.808,2.536,0.337,0.322,-0.294,0.501,0.937,0.359,2.312,1.228,-0.034,-0.836,-0.665,0.885,1.011,-0.714,-1.113,-1.046,-2.429,-2.353,-2.914,-2.006,-0.51
123,-0.919,-1.122,-0.477,-1.066,0.198,-1.13,-1.171,0.024,0.724,0.841,4.332,1.213,-0.023,-0.261,0.619,-0.676,-0.522,2.592,-0.094,-1.05,-1.246,-1.284,0.264,0.294,-0.742,-1.125,-1.031,-2.512,-2.366,-2.982,-2.086,-0.493
124,0.307,-0.803,-3.286,-0.349,0.206,2.24,0.915,0.613,-2.065,0.406,-0.915,-0.33,2.249,-2.381,0.184,-0.417,3.723,1.246,1.409,0.007,2.578,-1.004,0.87,-0.061,-0.639,-1.08,-1.087,-2.204,-2.32,-2.732,-1.791,-0.554
125,-0.819,-0.698,0.678,0.638,1.115,0.076,-1.036,-0.179,3.99,4.567,-0.88,0.691,0.307,-0.386,0.164,-0.315,1.87,0.366,0.296,0.01,0.479,2.1,-0.193,2.059,-0.635,-1.078,-1.09,-2.191,-2.318,-2.72,-1.778,-0.557
126,2.352,-1.677,0.019,-0.242,0.956,1.608,1.505,-1.117,-1.521,4.062,-1.199,-1.502,2.77,-1.336,0.348,-1.268,4.5,0.246,2.35,0.986,2.398,-2.863,1.395,-0.058,-0.678,-1.097,-1.066,-2.32,-2.337,-2.826,-1.902,-0.531
127,0.004,-1.386,-1.083,-0.278,0.706,1.152,-0.358,2.46,-1.369,1.51,-1.104,-0.445,-0.07,-1.351,0.293,2.016,0.908,-0.421,0.036,-0.007,2.124,-0.576,1.22,3.274,-0.665,-1.091,-1.073,-2.282,-2.331,-2.794,-1.865,-0.539
128,-0.411,-0.875,-0.912,-0.218,0.127,0.918,-1.587,1.491,-2.625,0.758,-1.263,-0.541,-0.339,-1.325,0.385,1.539,1.223,0.019,0.563,0.981,0.584,2.942,0.514,0.716,-0.687,-1.101,-1.061,-2.347,-2.341,-2.847,-1.928,-0.526
129,0.077,-1.283,-1.77,-1.168,0.477,0.557,-1.778,0.684,1.162,2.131,-1.396,-0.622,0.437,-1.304,3.461,3.142,2.652,-0.448,0.002,0.971,0.967,0.541,0.759,0.251,-0.705,-1.109,-1.051,-2.401,-2.349,-2.891,-1.979,-0.515
130,-0.965,-1.248,-2.782,-0.172,0.447,-0.498,-0.762,0.753,-0.82,3.185,-1.384,0.385,0.456,-2.306,1.455,1.176,2.701,-0.408,-0.035,-0.028,-0.066,-1.424,-0.262,1.291,-0.703,-1.108,-1.052,-2.396,-2.349,-2.887,-1.975,-0.516
131,0.161,-1.353,-2.745,-1.16,0.537,-0.334,-1.811,0.546,-1.874,2.023,-1.418,-0.636,-0.601,-2.301,2.474,2.073,2.554,-0.528,0.078,-0.031,-0.968,-0.527,-3.199,2.171,-0.708,-1.11,-1.049,-2.41,-2.351,-2.899,-1.988,-0.513
132,-1.542,-0.436,-0.367,-1.027,-0.532,-0.638,-0.318,-0.599,-0.441,0.357,3.229,1.151,0.804,-1.245,0.678,0.018,0.038,1.232,-0.755,-1.058,-0.95,-0.593,0.453,-0.065,-0.756,-1.131,-1.023,-2.554,-2.372,-3.015,-2.126,-0.485
133,0.231,-0.411,1.275,-0.152,0.587,-0.243,-0.838,0.43,1.095,-0.066,4.563,0.353,-0.633,0.702,0.485,-0.983,-0.527,-0.594,0.14,-0.032,-0.913,0.415,-0.164,1.105,-0.711,-1.111,-1.048,-2.418,-2.352,-2.905,-1.996,-0.512
134,4.021,0.764,3.214,1.826,1.437,-1.516,2.244,-4.224,0.187,-2.798,3.62,2.387,0.463,2.693,3.453,-1.813,-3.283,-2.394,1.952,0.972,-0.077,-3.413,-3.269,-1.696,-0.703,-1.108,-1.052,-2.395,-2.348,-2.886,-1.974,-0.516
135,5.091,0.706,4.234,-3.167,0.487,1.575,3.216,-4.339,0.156,-2.887,-2.399,2.376,-2.569,0.696,0.463,-2.87,-3.364,-3.461,2.015,1.97,0.978,4.53,-3.234,-2.763,-0.705,-1.109,-1.051,-2.402,-2.349,-2.892,-1.981,-0.515
136,5.523,1.344,4.36,-3.123,1.797,1.14,3.047,-6.054,-1.033,-4.442,-2.517,3.305,-2.767,0.715,0.531,-3.222,-3.87,-3.874,3.404,0.962,2.317,4.175,-3.017,-2.175,-0.721,-1.116,-1.042,-2.45,-2.357,-2.931,-2.027,-0.505
137,0.884,-0.615,-4.7,-2.494,-0.816,-0.62,-1.529,-0.034,-1.444,0.233,5.472,0.904,-1.099,-2.442,-1.04,-0.259,-0.613,-0.394,0.129,0.036,-2.538,-0.835,-4.844,-0.705,-0.587,-1.056,-1.116,-2.047,-2.296,-2.603,-1.64,-0.585
138,-0.353,-2.417,1.231,0.482,0.014,0.07,0.564,0.358,-1.34,0.537,1.536,1.943,0.01,-2.452,0.923,-1.066,-0.336,-0.167,-0.085,1.041,-0.724,-0.64,1.037,-0.479,-0.578,-1.052,-1.121,-2.02,-2.292,-2.582,-1.615,-0.59
139,-0.544,-2.093,2.466,-0.435,-0.405,1.128,-0.753,-0.98,-0.693,-0.501,1.317,0.81,0.639,0.582,0.05,-0.725,-1.282,0.059,-0.357,1.025,-0.09,-1.305,0.443,-0.25,-0.608,-1.066,-1.104,-2.11,-2.305,-2.655,-1.701,-0.572
140,-0.171,-2.568,2.283,-1.499,0.144,0.307,0.493,0.058,-0.419,0.305,2.487,1.913,-1.073,-0.445,-0.048,-1.214,-0.548,-0.341,0.078,1.037,-0.582,-0.789,0.128,0.348,-0.584,-1.055,-1.117,-2.041,-2.295,-2.598,-1.634,-0.586
141,0.077,-1.283,-0.77,-0.168,1.477,0.557,0.222,1.684,-1.838,1.131,-0.396,1.378,0.437,-1.304,0.461,1.142,1.652,0.552,1.002,0.971,0.967,0.541,1.759,1.251,-0.705,-1.109,-1.051,-2.401,-2.349,-2.891,-1.979,-0.515
142,0.362,-0.85,-2.27,-0.343,1.246,2.313,1.893,0.521,-2.089,0.334,-0.93,0.661,2.224,-2.378,0.192,-0.462,3.658,1.193,1.459,0.006,2.621,-1.049,0.898,-0.114,-0.641,-1.081,-1.086,-2.211,-2.321,-2.737,-1.797,-0.553
143,0.759,-0.51,-2.737,-2.507,1.094,0.216,-1.48,0.173,-0.389,0.394,-1.494,0.925,-1.041,-1.448,4.941,1.843,2.534,-0.274,0.016,0.039,-2.637,4.268,-4.907,1.415,-0.582,-1.054,-1.119,-2.033,-2.294,-2.592,-1.627,-0.588
144,0.62,-0.394,-1.778,2.479,1.994,0.034,-0.425,0.404,0.672,0.573,-1.456,0.948,2.023,-0.454,0.919,0.956,-0.303,0.859,-0.11,0.042,-1.746,-0.617,1.023,1.548,-0.577,-1.052,-1.121,-2.017,-2.292,-2.58,-1.612,-0.591
145,-0.735,-0.768,0.702,-0.353,0.176,0.186,-0.069,2.682,-0.046,2.46,0.097,0.677,0.268,-1.383,1.177,1.617,1.772,0.286,-0.629,0.008,0.545,0.031,1.849,1.979,-0.638,-1.079,-1.088,-2.2,-2.319,-2.728,-1.787,-0.555
146,-0.572,-1.069,1.458,0.562,-1.425,-1.909,1.258,0.066,0.319,0.534,4.324,1.815,0.652,1.581,0.046,0.298,0.751,1.086,-1.382,1.025,-0.112,-1.282,-0.571,1.777,-0.607,-1.065,-1.105,-2.107,-2.305,-2.652,-1.698,-0.573
147,-0.283,-1.475,-1.749,2.489,1.064,0.161,0.536,1.242,-0.37,1.448,1.517,0.932,1.978,-2.449,-0.066,0.877,1.583,1.766,-0.022,1.04,0.331,0.303,0.072,0.455,-0.58,-1.054,-1.119,-2.028,-2.293,-2.588,-1.622,-0.589
148,0.655,-0.094,-0.184,2.687,1.456,1.696,0.778,0.037,4.783,-0.042,-0.009,0.613,-0.911,0.634,0.238,0.299,0.316,-1.087,0.722,1.0,1.851,2.71,1.045,-0.393,-0.652,-1.085,-1.08,-2.243,-2.325,-2.763,-1.828,-0.546
149,0.954,1.327,-3.68,-0.487,1.235,0.471,0.444,1.85,-1.474,2.143,-1.547,0.893,0.869,-2.439,-0.029,1.684,2.305,0.539,0.191,1.035,-0.483,4.108,-0.809,0.229,-0.589,-1.057,-1.115,-2.054,-2.297,-2.61,-1.647,-0.583
150,1.452,2.746,2.174,1.462,-0.126,-0.185,1.64,0.681,-0.255,0.788,3.589,2.975,2.1,3.539,3.893,3.093,-0.107,1.019,0.74,1.045,0.123,-0.48,-0.062,3.707,-0.57,-1.049,-1.125,-1.999,-2.289,-2.564,-1.594,-0.594
